{"stats":{"minecraft:dropped":{"minecraft:redstone":1},"minecraft:picked_up":{"minecraft:oak_sign":2,"minecraft:lever":2,"minecraft:redstone_torch":2,"minecraft:redstone":6},"minecraft:custom":{"minecraft:time_since_rest":147060,"minecraft:play_one_minute":147060,"minecraft:crouch_one_cm":4347,"minecraft:sprint_one_cm":14700,"minecraft:walk_one_cm":447582,"minecraft:sneak_time":12946,"minecraft:drop":1,"minecraft:jump":505,"minecraft:leave_game":6,"minecraft:time_since_death":147060,"minecraft:fly_one_cm":394733},"minecraft:used":{"minecraft:redstone_torch":7,"minecraft:lever":16,"minecraft:redstone_lamp":15,"minecraft:repeater":31,"minecraft:comparator":21,"minecraft:redstone":276,"minecraft:oak_sign":16,"minecraft:sandstone":49,"minecraft:redstone_block":9,"minecraft:smooth_quartz":61}},"DataVersion":2586}